<?xml version="1.0" encoding="UTF-8"?><?xml-stylesheet type='text/xsl' href='_UpgradeReport_Files/UpgradeReport.xslt'?><UpgradeLog>
<Properties><Property Name="Solution" Value="SerialBootloaderDataSource">
</Property><Property Name="Solution File" Value="C:\Users\mading\SkyDrive\Work\F390-bootloader\AN533\AN533SW\DataSource_Software\SerialBootloaderDataSource\SerialBootloaderDataSource.sln">
</Property><Property Name="User Options File" Value="C:\Users\mading\SkyDrive\Work\F390-bootloader\AN533\AN533SW\DataSource_Software\SerialBootloaderDataSource\SerialBootloaderDataSource.suo">
</Property><Property Name="Date" Value="Wednesday, 13 March, 2013">
</Property><Property Name="Time" Value="9:54 AM">
</Property></Properties><Event ErrorLevel="0" Project="" Source="SerialBootloaderDataSource.sln" Description="File successfully backed up as C:\Users\mading\SkyDrive\Work\F390-bootloader\AN533\AN533SW\DataSource_Software\SerialBootloaderDataSource\Backup\SerialBootloaderDataSource.sln">
</Event><Event ErrorLevel="0" Project="" Source="SerialBootloaderDataSource.suo" Description="File successfully backed up as C:\Users\mading\SkyDrive\Work\F390-bootloader\AN533\AN533SW\DataSource_Software\SerialBootloaderDataSource\Backup\SerialBootloaderDataSource.suo">
</Event><Event ErrorLevel="0" Project="SerialBootloaderDataSource" Source="SerialBootloaderDataSource\SerialBootloaderDataSource.csproj" Description="Project file successfully backed up as C:\Users\mading\SkyDrive\Work\F390-bootloader\AN533\AN533SW\DataSource_Software\SerialBootloaderDataSource\Backup\SerialBootloaderDataSource\SerialBootloaderDataSource.csproj">
</Event><Event ErrorLevel="0" Project="SerialBootloaderDataSource" Source="SerialBootloaderDataSource\SerialBootloaderDataSource.csproj.user" Description="Project user file successfully backed up as C:\Users\mading\SkyDrive\Work\F390-bootloader\AN533\AN533SW\DataSource_Software\SerialBootloaderDataSource\Backup\SerialBootloaderDataSource\SerialBootloaderDataSource.csproj.user">
</Event><Event ErrorLevel="0" Project="SerialBootloaderDataSource" Source="SerialBootloaderDataSource\DisplayManager.cs" Description="File successfully backed up as C:\Users\mading\SkyDrive\Work\F390-bootloader\AN533\AN533SW\DataSource_Software\SerialBootloaderDataSource\Backup\SerialBootloaderDataSource\DisplayManager.cs">
</Event><Event ErrorLevel="0" Project="SerialBootloaderDataSource" Source="SerialBootloaderDataSource\HexImage.cs" Description="File successfully backed up as C:\Users\mading\SkyDrive\Work\F390-bootloader\AN533\AN533SW\DataSource_Software\SerialBootloaderDataSource\Backup\SerialBootloaderDataSource\HexImage.cs">
</Event><Event ErrorLevel="0" Project="SerialBootloaderDataSource" Source="SerialBootloaderDataSource\HexImageInfo.cs" Description="File successfully backed up as C:\Users\mading\SkyDrive\Work\F390-bootloader\AN533\AN533SW\DataSource_Software\SerialBootloaderDataSource\Backup\SerialBootloaderDataSource\HexImageInfo.cs">
</Event><Event ErrorLevel="0" Project="SerialBootloaderDataSource" Source="SerialBootloaderDataSource\InfoBlock.cs" Description="File successfully backed up as C:\Users\mading\SkyDrive\Work\F390-bootloader\AN533\AN533SW\DataSource_Software\SerialBootloaderDataSource\Backup\SerialBootloaderDataSource\InfoBlock.cs">
</Event><Event ErrorLevel="0" Project="SerialBootloaderDataSource" Source="SerialBootloaderDataSource\MainForm.cs" Description="File successfully backed up as C:\Users\mading\SkyDrive\Work\F390-bootloader\AN533\AN533SW\DataSource_Software\SerialBootloaderDataSource\Backup\SerialBootloaderDataSource\MainForm.cs">
</Event><Event ErrorLevel="0" Project="SerialBootloaderDataSource" Source="SerialBootloaderDataSource\MainForm.Designer.cs" Description="File successfully backed up as C:\Users\mading\SkyDrive\Work\F390-bootloader\AN533\AN533SW\DataSource_Software\SerialBootloaderDataSource\Backup\SerialBootloaderDataSource\MainForm.Designer.cs">
</Event><Event ErrorLevel="0" Project="SerialBootloaderDataSource" Source="SerialBootloaderDataSource\Program.cs" Description="File successfully backed up as C:\Users\mading\SkyDrive\Work\F390-bootloader\AN533\AN533SW\DataSource_Software\SerialBootloaderDataSource\Backup\SerialBootloaderDataSource\Program.cs">
</Event><Event ErrorLevel="0" Project="SerialBootloaderDataSource" Source="SerialBootloaderDataSource\Properties\AssemblyInfo.cs" Description="File successfully backed up as C:\Users\mading\SkyDrive\Work\F390-bootloader\AN533\AN533SW\DataSource_Software\SerialBootloaderDataSource\Backup\SerialBootloaderDataSource\Properties\AssemblyInfo.cs">
</Event><Event ErrorLevel="0" Project="SerialBootloaderDataSource" Source="SerialBootloaderDataSource\Properties\Resources.Designer.cs" Description="File successfully backed up as C:\Users\mading\SkyDrive\Work\F390-bootloader\AN533\AN533SW\DataSource_Software\SerialBootloaderDataSource\Backup\SerialBootloaderDataSource\Properties\Resources.Designer.cs">
</Event><Event ErrorLevel="0" Project="SerialBootloaderDataSource" Source="SerialBootloaderDataSource\Properties\Settings.Designer.cs" Description="File successfully backed up as C:\Users\mading\SkyDrive\Work\F390-bootloader\AN533\AN533SW\DataSource_Software\SerialBootloaderDataSource\Backup\SerialBootloaderDataSource\Properties\Settings.Designer.cs">
</Event><Event ErrorLevel="0" Project="SerialBootloaderDataSource" Source="SerialBootloaderDataSource\SerialCommandProcessor.cs" Description="File successfully backed up as C:\Users\mading\SkyDrive\Work\F390-bootloader\AN533\AN533SW\DataSource_Software\SerialBootloaderDataSource\Backup\SerialBootloaderDataSource\SerialCommandProcessor.cs">
</Event><Event ErrorLevel="0" Project="SerialBootloaderDataSource" Source="SerialBootloaderDataSource\TargetInfo.cs" Description="File successfully backed up as C:\Users\mading\SkyDrive\Work\F390-bootloader\AN533\AN533SW\DataSource_Software\SerialBootloaderDataSource\Backup\SerialBootloaderDataSource\TargetInfo.cs">
</Event><Event ErrorLevel="0" Project="SerialBootloaderDataSource" Source="SerialBootloaderDataSource\Properties\Settings.settings" Description="File successfully backed up as C:\Users\mading\SkyDrive\Work\F390-bootloader\AN533\AN533SW\DataSource_Software\SerialBootloaderDataSource\Backup\SerialBootloaderDataSource\Properties\Settings.settings">
</Event><Event ErrorLevel="0" Project="SerialBootloaderDataSource" Source="SerialBootloaderDataSource\SerialBootloaderDataSource_TemporaryKey.pfx" Description="File successfully backed up as C:\Users\mading\SkyDrive\Work\F390-bootloader\AN533\AN533SW\DataSource_Software\SerialBootloaderDataSource\Backup\SerialBootloaderDataSource\SerialBootloaderDataSource_TemporaryKey.pfx">
</Event><Event ErrorLevel="0" Project="SerialBootloaderDataSource" Source="SerialBootloaderDataSource\SilabsLogo.ico" Description="File successfully backed up as C:\Users\mading\SkyDrive\Work\F390-bootloader\AN533\AN533SW\DataSource_Software\SerialBootloaderDataSource\Backup\SerialBootloaderDataSource\SilabsLogo.ico">
</Event><Event ErrorLevel="0" Project="SerialBootloaderDataSource" Source="SerialBootloaderDataSource\MainForm.resx" Description="File successfully backed up as C:\Users\mading\SkyDrive\Work\F390-bootloader\AN533\AN533SW\DataSource_Software\SerialBootloaderDataSource\Backup\SerialBootloaderDataSource\MainForm.resx">
</Event><Event ErrorLevel="0" Project="SerialBootloaderDataSource" Source="SerialBootloaderDataSource\Properties\Resources.resx" Description="File successfully backed up as C:\Users\mading\SkyDrive\Work\F390-bootloader\AN533\AN533SW\DataSource_Software\SerialBootloaderDataSource\Backup\SerialBootloaderDataSource\Properties\Resources.resx">
</Event><Event ErrorLevel="0" Project="SerialBootloaderDataSource" Source="SerialBootloaderDataSource\SerialBootloaderDataSource.csproj" Description="Project converted successfully">
</Event><Event ErrorLevel="3" Project="SerialBootloaderDataSource" Source="SerialBootloaderDataSource\SerialBootloaderDataSource.csproj" Description="Converted">
</Event><Event ErrorLevel="0" Project="" Source="SerialBootloaderDataSource.sln" Description="Solution converted successfully">
</Event><Event ErrorLevel="3" Project="" Source="SerialBootloaderDataSource.sln" Description="Converted">
</Event><Event ErrorLevel="0" Project="SerialBootloaderDataSource" Source="SerialBootloaderDataSource\SerialBootloaderDataSource.csproj" Description="Scan complete: Upgrade not required for project files.">
</Event></UpgradeLog>